{
  "system": "advanced",
  "num_runs": 3,
  "num_questions": 20,
  "timestamp": "2025-12-24T13:46:22.022619",
  "faithfulness": {
    "mean": 0.7604357216857217,
    "std": 0.0047847051524263,
    "all_runs": [
      0.7667207792207791,
      0.7594642857142857,
      0.7551221001221002
    ]
  },
  "answer_relevancy": {
    "mean": 0.9090990698937981,
    "std": 0.011382994410696547,
    "all_runs": [
      0.9245980787752941,
      0.9051171091355312,
      0.8975820217705689
    ]
  }
}