{
  "system": "baseline",
  "num_runs": 3,
  "num_questions": 20,
  "timestamp": "2025-12-24T13:01:23.538093",
  "faithfulness": {
    "mean": 0.5730555555555555,
    "std": 0.004163579102947682,
    "all_runs": [
      0.578888888888889,
      0.5694444444444444,
      0.5708333333333333
    ]
  },
  "answer_relevancy": {
    "mean": 0.7731882290290839,
    "std": 0.016470996142570835,
    "all_runs": [
      0.7954304647332597,
      0.7680590043713706,
      0.7560752179826216
    ]
  }
}